date,meeting_title,category,URL
2023-11-13,Social Services Committee Meeting,agenda,https://co.lincoln.wi.us/sites/default/files/fileattachments/social_services_committee/meeting/43769/11.13.23_ss_agenda.pdf
2023-11-13,Social Services Committee Meeting,agenda_packet,https://co.lincoln.wi.us/sites/default/files/fileattachments/social_services_committee/meeting/packets/43769/ss_committee_packet_11-13-23.pdf
2023-11-13,Social Services Committee Meeting,other,https://co.lincoln.wi.us/sites/default/files/fileattachments/social_services_committee/meeting/packets/43769/ss_committee_presentation_-_national_dec_conference_11-13-23.pdf
2023-11-13,Social Services Committee Meeting,minutes,https://co.lincoln.wi.us/sites/default/files/fileattachments/social_services_committee/meeting/43769/ss_minutes_11-13-23.pdf
2023-11-13,Traffic Safety Commission,agenda,https://co.lincoln.wi.us/sites/default/files/fileattachments/traffic_safety_commission/meeting/43806/ts_agenda_2023-11-13.pdf
2023-11-13,Traffic Safety Commission,agenda_packet,https://co.lincoln.wi.us/sites/default/files/fileattachments/traffic_safety_commission/meeting/packets/43806/ts_packet_2023-11-13.pdf
2023-11-13,Traffic Safety Commission,minutes,https://co.lincoln.wi.us/sites/default/files/fileattachments/traffic_safety_commission/meeting/43806/tsc_minutes_2023-11-13.pdf
2023-11-13,"Forestry, Land & Parks Committee Meeting",agenda,https://co.lincoln.wi.us/sites/default/files/fileattachments/forestry_land_and_parks_committee/meeting/43773/forestry_agenda_2023-11-13.pdf
2023-11-13,"Forestry, Land & Parks Committee Meeting",agenda_packet,https://co.lincoln.wi.us/sites/default/files/fileattachments/forestry_land_and_parks_committee/meeting/packets/43773/forestry_packet_2023-11-13.pdf
2023-11-13,"Forestry, Land & Parks Committee Meeting",minutes,https://co.lincoln.wi.us/sites/default/files/fileattachments/forestry_land_and_parks_committee/meeting/43773/forestry_land_parks_minutes.11.13.2023.pdf
2023-11-09,Land Services Committee Meeting,agenda,https://co.lincoln.wi.us/sites/default/files/fileattachments/land_services_committee/meeting/43765/11-9-23_lsc_agenda.pdf
2023-11-09,Land Services Committee Meeting,agenda_packet,https://co.lincoln.wi.us/sites/default/files/fileattachments/land_services_committee/meeting/packets/43765/lsc_11-9-2023_packet.pdf
2023-11-09,Land Services Committee Meeting,minutes,https://co.lincoln.wi.us/sites/default/files/fileattachments/land_services_committee/meeting/43765/11-9-23_lsc_minutes.pdf
2023-11-09,Board of the Wisconsin PACE Commission Meeting,agenda,https://co.lincoln.wi.us/sites/default/files/fileattachments/county_clerk/meeting/43822/wpc_agenda_11.09.2023.pdf
2023-11-08,Public Safety Committee Meeting,agenda,https://co.lincoln.wi.us/sites/default/files/fileattachments/public_safety_committee/meeting/43763/public_safety_agenda_2023-11-8.pdf
2023-11-08,Public Safety Committee Meeting,agenda_packet,https://co.lincoln.wi.us/sites/default/files/fileattachments/public_safety_committee/meeting/packets/43763/public_safety_packet_2023-11-8.pdf
2023-11-08,Public Safety Committee Meeting,other,https://co.lincoln.wi.us/sites/default/files/fileattachments/public_safety_committee/meeting/packets/43763/public_safety_packet_2023-11-8_-_additional_packet.pdf
2023-11-08,Public Safety Committee Meeting,minutes,https://co.lincoln.wi.us/sites/default/files/fileattachments/public_safety_committee/meeting/43763/2023-11-08_public_safety_minutes.pdf
2023-11-08,Local Emergency Planning Committee,agenda,https://co.lincoln.wi.us/sites/default/files/fileattachments/local_emergency_planning/meeting/43772/08nov2023-lepc-agenda.pdf
2023-11-08,Local Emergency Planning Committee,agenda_packet,https://co.lincoln.wi.us/sites/default/files/fileattachments/local_emergency_planning/meeting/packets/43772/08nov2023-lepc_packet.pdf
2023-11-08,Local Emergency Planning Committee,minutes,https://co.lincoln.wi.us/sites/default/files/fileattachments/local_emergency_planning/meeting/43772/lepc_minutes-11-08-2023.pdf
2023-11-03,Finance & Insurance Committee Meeting,agenda,https://co.lincoln.wi.us/sites/default/files/fileattachments/finance_and_insurance_committee/meeting/43768/finance_agenda_2023-11-03.pdf
2023-11-03,Finance & Insurance Committee Meeting,agenda,https://co.lincoln.wi.us/sites/default/files/fileattachments/finance_and_insurance_committee/meeting/43768/finance_agenda_2023-11-03_amended.pdf
2023-11-03,Finance & Insurance Committee Meeting,agenda_packet,https://co.lincoln.wi.us/sites/default/files/fileattachments/finance_and_insurance_committee/meeting/packets/43768/finance_packet_11-3-2023.pdf
2023-11-03,Finance & Insurance Committee Meeting,other,https://co.lincoln.wi.us/sites/default/files/fileattachments/finance_and_insurance_committee/meeting/packets/43768/res_2023-11-74_approving_the_2024_budget_and_providing_for_tax_levy.pdf
2023-11-03,Finance & Insurance Committee Meeting,other,https://co.lincoln.wi.us/sites/default/files/fileattachments/finance_and_insurance_committee/meeting/packets/43768/res_2023-11-x3_ordering_county_clerk_to_take.docs_.pdf
2023-11-03,Finance & Insurance Committee Meeting,minutes,https://co.lincoln.wi.us/sites/default/files/fileattachments/finance_and_insurance_committee/meeting/43768/finance_minutes_11.03.2023.pdf
2023-11-02,Lincoln County Clerk's Association Meeting,other,https://co.lincoln.wi.us/sites/default/files/fileattachments/county_clerk/meeting/43810/2023_november_clerk_training.pptx
2023-11-02,Lincoln County Clerk's Association Meeting,agenda,https://co.lincoln.wi.us/sites/default/files/fileattachments/county_clerk/meeting/43810/11-2-2023_agenda_lincoln_county_clerks_association.pdf
2023-11-02,Lincoln County Clerk's Association Meeting,agenda_packet,https://co.lincoln.wi.us/sites/default/files/fileattachments/county_clerk/meeting/packets/43810/2023_november_clerk_training_packet.pdf
2023-11-02,Highway Committee Meeting,agenda,https://co.lincoln.wi.us/sites/default/files/fileattachments/highway_committee/meeting/43762/11.02.23_highway_agenda.pdf
2023-11-02,Highway Committee Meeting,agenda,https://co.lincoln.wi.us/sites/default/files/fileattachments/highway_committee/meeting/43762/11.02.23_highway_agenda-amended.pdf
2023-11-02,Highway Committee Meeting,agenda_packet,https://co.lincoln.wi.us/sites/default/files/fileattachments/highway_committee/meeting/packets/43762/11.02.23_highway_meeting_packet.pdf
2023-11-02,Highway Committee Meeting,minutes,https://co.lincoln.wi.us/sites/default/files/fileattachments/highway_committee/meeting/43762/11.2.2023_hwy_minutes.pdf
2023-11-01,Administrative & Legislative Committee Meeting,agenda,https://co.lincoln.wi.us/sites/default/files/fileattachments/administrative_and_legislative_committee/meeting/43767/al_agenda_2023-11-01.pdf
2023-11-01,Administrative & Legislative Committee Meeting,agenda_packet,https://co.lincoln.wi.us/sites/default/files/fileattachments/administrative_and_legislative_committee/meeting/packets/43767/al_packet_2023-11-01.pdf
2023-11-01,Administrative & Legislative Committee Meeting,other,https://co.lincoln.wi.us/sites/default/files/fileattachments/administrative_and_legislative_committee/meeting/packets/43767/al_packet_2023-11-01-additional.pdf
2023-11-01,Administrative & Legislative Committee Meeting,minutes,https://co.lincoln.wi.us/sites/default/files/fileattachments/administrative_and_legislative_committee/meeting/43767/al_minutes_2023-11-01.pdf
2023-10-30,North Central Health Care Executive Committee Meeting,agenda,https://co.lincoln.wi.us/sites/default/files/fileattachments/north_central_health_care/meeting/43784/nexc_20231030_agenda.pdf
2023-10-26,Solid Waste Committee Meeting,agenda,https://co.lincoln.wi.us/sites/default/files/fileattachments/solid_waste_committee/meeting/43670/solid_waste_2023-10-26.pdf
2023-10-26,Solid Waste Committee Meeting,agenda,https://co.lincoln.wi.us/sites/default/files/fileattachments/solid_waste_committee/meeting/43670/solid_waste_2023-10-26_amended.pdf
2023-10-26,Solid Waste Committee Meeting,agenda_packet,https://co.lincoln.wi.us/sites/default/files/fileattachments/solid_waste_committee/meeting/packets/43670/sw_packet_10-26-2023.pdf
2023-10-26,Solid Waste Committee Meeting,agenda_packet,https://co.lincoln.wi.us/sites/default/files/fileattachments/solid_waste_committee/meeting/packets/43670/sw_packet_10-26-2023-amended.pdf
2023-10-26,Solid Waste Committee Meeting,other,https://co.lincoln.wi.us/sites/default/files/fileattachments/solid_waste_committee/meeting/packets/43670/sw_packet_10-26-2023-additional.pdf
2023-10-26,Solid Waste Committee Meeting,minutes,https://co.lincoln.wi.us/sites/default/files/fileattachments/solid_waste_committee/meeting/43670/sw_minutes_2023-10-26.pdf
2023-10-26,Board of Adjustment Committee Meeting,other,https://co.lincoln.wi.us/sites/default/files/fileattachments/zoning_board_of_adjustment/meeting/43704/10-26-23_boa_notice.pdf
2023-10-26,Board of Adjustment Committee Meeting,agenda,https://co.lincoln.wi.us/sites/default/files/fileattachments/zoning_board_of_adjustment/meeting/43704/10-26-23_boa_notice_amended.pdf
2023-10-26,Board of Adjustment Committee Meeting,agenda,https://co.lincoln.wi.us/sites/default/files/fileattachments/zoning_board_of_adjustment/meeting/43704/10-26-2023_boa_agenda.pdf
2023-10-26,Board of Adjustment Committee Meeting,agenda,https://co.lincoln.wi.us/sites/default/files/fileattachments/zoning_board_of_adjustment/meeting/43704/10-26-2023_boa_agenda_amended.pdf
2023-10-26,Board of Adjustment Committee Meeting,agenda_packet,https://co.lincoln.wi.us/sites/default/files/fileattachments/zoning_board_of_adjustment/meeting/packets/43704/boa_packet_10-26-23_amended.pdf
2023-10-26,Board of Adjustment Committee Meeting,minutes,https://co.lincoln.wi.us/sites/default/files/fileattachments/zoning_board_of_adjustment/meeting/43704/10-26-23_boa_minutes.pdf
2023-10-25,North Central WI Regional Planning Commission,agenda,https://co.lincoln.wi.us/sites/default/files/fileattachments/north_central_wisconsin_regional_planning_commission/meeting/43736/ncwrpc_full_commission_agenda_10.25.23.pdf
2023-10-24,Broadband Commission Meeting,agenda,https://co.lincoln.wi.us/sites/default/files/fileattachments/broadband_committee/meeting/43677/broadband_commission_agenda_2023-10-24-1.pdf
2023-10-24,Broadband Commission Meeting,agenda_packet,https://co.lincoln.wi.us/sites/default/files/fileattachments/broadband_committee/meeting/packets/43677/broadband_commission_packet_10-24-2023.pdf
2023-10-24,Broadband Commission Meeting,other,https://co.lincoln.wi.us/sites/default/files/fileattachments/broadband_committee/meeting/packets/43677/broadband_commission_packet_10-24-2023-additional.pdf
2023-10-23,Social Services - Human Services Transportation Coordination Planning Meeting,other,https://co.lincoln.wi.us/sites/default/files/fileattachments/social_services_committee/meeting/43592/transportation_planning_meeting_notice_10-23-2023.pdf
2023-10-23,Social Services - Human Services Transportation Coordination Planning Meeting,agenda,https://co.lincoln.wi.us/sites/default/files/fileattachments/social_services_committee/meeting/43592/transportation_planning_meeting_10-23-2023.pdf
2023-10-18,Board of Health Committee Meeting,agenda,https://co.lincoln.wi.us/sites/default/files/fileattachments/board_of_health/meeting/43666/boh_agenda_2023-10-18.pdf
2023-10-18,Board of Health Committee Meeting,agenda,https://co.lincoln.wi.us/sites/default/files/fileattachments/board_of_health/meeting/43666/boh_agenda_2023-10-18_amended.pdf
2023-10-18,Board of Health Committee Meeting,agenda_packet,https://co.lincoln.wi.us/sites/default/files/fileattachments/board_of_health/meeting/packets/43666/boh_packet_2023-10-18.pdf
2023-10-18,Board of Health Committee Meeting,other,https://co.lincoln.wi.us/sites/default/files/fileattachments/board_of_health/meeting/packets/43666/boh_packet_2023-10-18_additional.pdf
2023-10-18,Board of Health Committee Meeting,other,https://co.lincoln.wi.us/sites/default/files/fileattachments/board_of_health/meeting/packets/43666/boh_packet_2023-10-18_additional-2.pdf
2023-10-18,Board of Health Committee Meeting,other,https://co.lincoln.wi.us/sites/default/files/fileattachments/board_of_health/meeting/packets/43666/boh_packet_2023-10-18_additional-3.pdf
2023-10-18,Board of Health Committee Meeting,minutes,https://co.lincoln.wi.us/sites/default/files/fileattachments/board_of_health/meeting/43666/boh_minutes_2023-10-18_draft.pdf
2023-10-18,Social Services - Youth Justice Collaborative Committee - Virtual Only,agenda,https://co.lincoln.wi.us/sites/default/files/fileattachments/social_services_committee/meeting/43745/2023_10_18_ss_-_yjcc_agenda.pdf
2023-10-17,County Board Meeting,agenda,https://co.lincoln.wi.us/sites/default/files/fileattachments/county_board/meeting/43663/cb_agenda_2023-10-17.pdf
2023-10-17,County Board Meeting,other,https://co.lincoln.wi.us/sites/default/files/fileattachments/county_board/meeting/packets/43663/2022_final_report_and_financial_statements_lincoln_county.pdf
2023-10-17,County Board Meeting,other,https://co.lincoln.wi.us/sites/default/files/fileattachments/county_board/meeting/packets/43663/signed_governance_communication_lincoln_county.pdf
2023-10-17,County Board Meeting,agenda_packet,https://co.lincoln.wi.us/sites/default/files/fileattachments/county_board/meeting/packets/43663/cb_packet_2023-10-17.pdf
2023-10-17,County Board Meeting,other,https://co.lincoln.wi.us/system/temporary/filefield_paths/october_resolutions.pdf
2023-10-17,County Board Meeting,minutes,https://co.lincoln.wi.us/sites/default/files/fileattachments/county_board/meeting/43663/cobd_minutes_2023-10-17_-_rev.draft_.pdf
2023-10-17,Public Property Committee Meeting-CANCELLED,agenda,https://co.lincoln.wi.us/sites/default/files/fileattachments/public_property_committee/meeting/43690/pppc_agenda_2023-10-17_cancelled.docx
2023-10-16,Broadband Committee Meeting,agenda,https://co.lincoln.wi.us/sites/default/files/fileattachments/broadband_committee/meeting/43742/2023-10-16_broadband_committee_meeting_agenda.pdf
2023-10-13,Live Well Lincoln Leadership Team Meeting,agenda,https://co.lincoln.wi.us/sites/default/files/fileattachments/board_of_health/meeting/43729/lwl_leadership_agenda_10-13-2023.pdf
2023-10-13,Live Well Lincoln Leadership Team Meeting,agenda_packet,https://co.lincoln.wi.us/sites/default/files/fileattachments/board_of_health/meeting/packets/43729/lwl_leadership_packet_10-13-2023.pdf
2023-10-13,Live Well Lincoln Leadership Team Meeting,other,https://co.lincoln.wi.us/sites/default/files/fileattachments/board_of_health/meeting/packets/43729/transportation_planning_meeting_flyer_2.pdf
2023-10-13,Live Well Lincoln Leadership Team Meeting,other,https://co.lincoln.wi.us/sites/default/files/fileattachments/board_of_health/meeting/packets/43729/transportation_planning_meeting_notice_1.pdf
2023-10-13,Live Well Lincoln Leadership Team Meeting,minutes,https://co.lincoln.wi.us/sites/default/files/fileattachments/board_of_health/meeting/43729/lwl-_leadership_meeting_10-13-2023_minutes.pdf
2023-10-12,Land Services Committee Meeting,other,https://co.lincoln.wi.us/sites/default/files/fileattachments/land_services_committee/meeting/43658/10-12-23_lsc_notice.pdf
2023-10-12,Land Services Committee Meeting,agenda,https://co.lincoln.wi.us/sites/default/files/fileattachments/land_services_committee/meeting/43658/10-12-23_lsc_agenda.pdf
2023-10-12,Land Services Committee Meeting,agenda_packet,https://co.lincoln.wi.us/sites/default/files/fileattachments/land_services_committee/meeting/packets/43658/lsc_10-12-2023_packet.pdf
2023-10-12,Land Services Committee Meeting,other,https://co.lincoln.wi.us/sites/default/files/fileattachments/land_services_committee/meeting/packets/43658/lsc_10-12-2023_additional.pdf
2023-10-12,Land Services Committee Meeting,minutes,https://co.lincoln.wi.us/sites/default/files/fileattachments/land_services_committee/meeting/43658/10-12-23_lsc_minutes.pdf
2023-10-12,Wisconsin PACE Commission Board Meeting,agenda,https://co.lincoln.wi.us/sites/default/files/fileattachments/county_clerk/meeting/43721/wpc_agenda_and_notice_10.12.2023.pdf
2023-10-12,ADRC of Central WI Board Meeting,agenda,https://co.lincoln.wi.us/sites/default/files/fileattachments/aging_amp_disability_resource_center_of_central_wisconsin/meeting/43722/10_12_23_adrc-cw_board_agenda.pdf
2023-10-12,Board of Adjustment Committee Meeting,other,https://co.lincoln.wi.us/sites/default/files/fileattachments/zoning_board_of_adjustment/meeting/43697/10-12-23_boa_notice.pdf
2023-10-12,Board of Adjustment Committee Meeting,agenda,https://co.lincoln.wi.us/sites/default/files/fileattachments/zoning_board_of_adjustment/meeting/43697/10-12-2023_boa_agenda.pdf
2023-10-12,Board of Adjustment Committee Meeting,agenda,https://co.lincoln.wi.us/sites/default/files/fileattachments/zoning_board_of_adjustment/meeting/43697/10-12-2023_boa_agenda_amended.pdf
2023-10-12,Board of Adjustment Committee Meeting,agenda_packet,https://co.lincoln.wi.us/sites/default/files/fileattachments/zoning_board_of_adjustment/meeting/packets/43697/boa_packet_10-12-23.pdf
2023-10-12,Board of Adjustment Committee Meeting,other,https://co.lincoln.wi.us/sites/default/files/fileattachments/zoning_board_of_adjustment/meeting/packets/43697/boa_packet_10-12-23_additional.pdf
2023-10-12,Board of Adjustment Committee Meeting,minutes,https://co.lincoln.wi.us/sites/default/files/fileattachments/zoning_board_of_adjustment/meeting/43697/10-12-23_boa_minutes.pdf
2023-10-12,Board of Adjustment Committee Meeting,minutes,https://co.lincoln.wi.us/sites/default/files/fileattachments/zoning_board_of_adjustment/meeting/43697/10-12-23_boa_minutes_amended.pdf
2023-10-12,ADRC of Central WI Finance Committee Meeting,agenda,https://co.lincoln.wi.us/sites/default/files/fileattachments/aging_amp_disability_resource_center_of_central_wisconsin/meeting/43723/adrc-cw_finance_agenda_10-12.2023.pdf
2023-10-11,Public Safety Committee Meeting,agenda,https://co.lincoln.wi.us/sites/default/files/fileattachments/public_safety_committee/meeting/43688/public_safety_agenda_2023-10-11.pdf
2023-10-11,Public Safety Committee Meeting,agenda_packet,https://co.lincoln.wi.us/sites/default/files/fileattachments/public_safety_committee/meeting/packets/43688/public_safety_packet_2023-10-11.pdf
2023-10-11,Public Safety Committee Meeting,minutes,https://co.lincoln.wi.us/sites/default/files/fileattachments/public_safety_committee/meeting/43688/2023-10-11_public_safety_minutes.pdf
2023-10-11,Local Emergency Planning Committee Meeting (LEPC),agenda,https://co.lincoln.wi.us/sites/default/files/fileattachments/local_emergency_planning/meeting/43689/11oct2023-lepc_agenda.pdf
2023-10-11,Local Emergency Planning Committee Meeting (LEPC),agenda_packet,https://co.lincoln.wi.us/sites/default/files/fileattachments/local_emergency_planning/meeting/packets/43689/11oct2023-lepc_packet.pdf
2023-10-11,Local Emergency Planning Committee Meeting (LEPC),other,https://co.lincoln.wi.us/sites/default/files/fileattachments/local_emergency_planning/meeting/packets/43689/11oct2023-lepc_packet-reduced.pdf
2023-10-11,Local Emergency Planning Committee Meeting (LEPC),minutes,https://co.lincoln.wi.us/sites/default/files/fileattachments/local_emergency_planning/meeting/43689/lepc_minutes-10-11-2023.pdf
2023-10-11,Housing Authority of the County of Lincoln,agenda,https://co.lincoln.wi.us/sites/default/files/fileattachments/housing_authority_of_the_county_of_lincoln/meeting/43720/agenda_housing_authority10-11-23_1.pdf
2023-10-09,North Central Community Action Program Board Meeting,agenda,https://co.lincoln.wi.us/sites/default/files/fileattachments/north_central_community_action_program/meeting/43866/nc-cap_agenda_2023-10-9.pdf
2023-10-09,North Central Community Action Program Board Meeting,minutes,https://co.lincoln.wi.us/sites/default/files/fileattachments/north_central_community_action_program/meeting/43866/ncap_minutes_2023-10-09.pdf
2023-10-09,Social Services Committee Meeting,agenda,https://co.lincoln.wi.us/sites/default/files/fileattachments/social_services_committee/meeting/43665/10.09.23_ss_agenda.pdf
2023-10-09,Social Services Committee Meeting,agenda,https://co.lincoln.wi.us/sites/default/files/fileattachments/social_services_committee/meeting/43665/amended_october_2023_agenda.docx
2023-10-09,Social Services Committee Meeting,agenda_packet,https://co.lincoln.wi.us/sites/default/files/fileattachments/social_services_committee/meeting/packets/43665/ss_committee_packet_10-9-23.pdf
2023-10-09,Social Services Committee Meeting,other,https://co.lincoln.wi.us/sites/default/files/fileattachments/social_services_committee/meeting/packets/43665/ss_committee_packet_10-9-23-additional.pdf
2023-10-09,Social Services Committee Meeting,minutes,https://co.lincoln.wi.us/sites/default/files/fileattachments/social_services_committee/meeting/43665/ss_minutes_10-9-23.pdf
2023-10-09,"Forestry, Land & Parks Committee Meeting",agenda,https://co.lincoln.wi.us/sites/default/files/fileattachments/forestry_land_and_parks_committee/meeting/43669/forestry_agenda_2023-10-9.pdf
2023-10-09,"Forestry, Land & Parks Committee Meeting",agenda_packet,https://co.lincoln.wi.us/sites/default/files/fileattachments/forestry_land_and_parks_committee/meeting/packets/43669/forestry_packet_2023-10-9.pdf
2023-10-06,Health Department - Healthy Minds for Lincoln County Coalition Meeting,agenda,https://co.lincoln.wi.us/sites/default/files/fileattachments/board_of_health/meeting/43705/nutrition_coalition_agenda_10.6.23.pdf
2023-10-06,Health Department - Healthy Minds for Lincoln County Coalition Meeting,minutes,https://co.lincoln.wi.us/sites/default/files/fileattachments/board_of_health/meeting/43705/healthy_minds_minutes_2023-10-06.pdf
2023-10-06,Finance & Insurance Committee Meeting,agenda,https://co.lincoln.wi.us/sites/default/files/fileattachments/finance_and_insurance_committee/meeting/43664/finance_agenda_2023-10-06.pdf
2023-10-06,Finance & Insurance Committee Meeting,agenda,https://co.lincoln.wi.us/sites/default/files/fileattachments/finance_and_insurance_committee/meeting/43664/finance_agenda_2023-10-06_amended.pdf
2023-10-06,Finance & Insurance Committee Meeting,agenda_packet,https://co.lincoln.wi.us/sites/default/files/fileattachments/finance_and_insurance_committee/meeting/packets/43664/finance_packet_10-06-2023.pdf
2023-10-06,Finance & Insurance Committee Meeting,other,https://co.lincoln.wi.us/sites/default/files/fileattachments/finance_and_insurance_committee/meeting/packets/43664/finance_packet_10.6.2023_additional.pdf
2023-10-06,Finance & Insurance Committee Meeting,minutes,https://co.lincoln.wi.us/sites/default/files/fileattachments/finance_and_insurance_committee/meeting/43664/finance_minutes_10.6.2023.pdf
2023-10-06,Finance & Insurance Committee Meeting,minutes,https://co.lincoln.wi.us/sites/default/files/fileattachments/finance_and_insurance_committee/meeting/43664/finance_minutes_10.6.2023-corrected.pdf
2023-10-06,Health Insurance Trustee Committee Meeting,agenda,https://co.lincoln.wi.us/sites/default/files/fileattachments/health_insurance_trustees_commitee/meeting/43711/health_insurance_trustee_agenda_2023-10-06.pdf
2023-10-06,Health Insurance Trustee Committee Meeting,other,https://co.lincoln.wi.us/sites/default/files/fileattachments/health_insurance_trustees_commitee/meeting/43711/lincoln_county_2024_health_plan_presentation-updated.pdf
2023-10-06,Health Insurance Trustee Committee Meeting,agenda_packet,https://co.lincoln.wi.us/sites/default/files/fileattachments/health_insurance_trustees_commitee/meeting/packets/43711/10.6.23_trustee_packet.pdf
2023-10-06,Health Insurance Trustee Committee Meeting,minutes,https://co.lincoln.wi.us/sites/default/files/fileattachments/health_insurance_trustees_commitee/meeting/43711/10.6.2023_health_trustee_minutes.pdf
2023-10-05,Highway Committee Meeting,agenda,https://co.lincoln.wi.us/sites/default/files/fileattachments/highway_committee/meeting/43660/10.5.23_highway_agenda.pdf
2023-10-05,Highway Committee Meeting,agenda_packet,https://co.lincoln.wi.us/sites/default/files/fileattachments/highway_committee/meeting/packets/43660/10.05.23_highwya_meeting_packet.pdf
2023-10-04,Administrative & Legislative Committee Meeting,agenda,https://co.lincoln.wi.us/sites/default/files/fileattachments/administrative_and_legislative_committee/meeting/43623/al_agenda_2023-10-4.pdf
2023-10-04,Administrative & Legislative Committee Meeting,agenda,https://co.lincoln.wi.us/sites/default/files/fileattachments/administrative_and_legislative_committee/meeting/43623/al_agenda_2023-10-4-amended.pdf
2023-10-04,Administrative & Legislative Committee Meeting,agenda_packet,https://co.lincoln.wi.us/sites/default/files/fileattachments/administrative_and_legislative_committee/meeting/packets/43623/al_packet_2023-10-04.pdf
2023-10-04,Administrative & Legislative Committee Meeting,other,https://co.lincoln.wi.us/sites/default/files/fileattachments/administrative_and_legislative_committee/meeting/packets/43623/al_packet_2023-10-04-additional.pdf
2023-10-04,Administrative & Legislative Committee Meeting,other,https://co.lincoln.wi.us/sites/default/files/fileattachments/administrative_and_legislative_committee/meeting/packets/43623/al_packet_2023-10-04-additional-2.pdf
2023-10-04,Administrative & Legislative Committee Meeting,other,https://co.lincoln.wi.us/sites/default/files/fileattachments/administrative_and_legislative_committee/meeting/packets/43623/al_packet_2023-10-04-additional-3.pdf
2023-10-04,Administrative & Legislative Committee Meeting,minutes,https://co.lincoln.wi.us/sites/default/files/fileattachments/administrative_and_legislative_committee/meeting/43623/al_minutes_2023-10-04.pdf
2023-09-28,CANCELLED - Solid Waste Committee Meeting,agenda,https://co.lincoln.wi.us/sites/default/files/fileattachments/solid_waste_committee/meeting/43600/solid_waste_agenda2023-09-28_cancelled.pdf
2023-09-28,North Central Healthcare - Board Meeting,agenda,https://co.lincoln.wi.us/sites/default/files/fileattachments/north_central_health_care/meeting/43683/nbod_20230928_agenda.pdf
2023-09-28,North Central Healthcare - Board Meeting,agenda_packet,https://co.lincoln.wi.us/sites/default/files/fileattachments/north_central_health_care/meeting/packets/43683/nbod_20230928_packet.pdf
2023-09-28,Board of Adjustment Committee Meeting-CANCELLED,other,https://co.lincoln.wi.us/sites/default/files/fileattachments/zoning_board_of_adjustment/meeting/43522/9-28-23_boa_notice.pdf
2023-09-28,Board of Adjustment Committee Meeting-CANCELLED,agenda,https://co.lincoln.wi.us/sites/default/files/fileattachments/zoning_board_of_adjustment/meeting/43522/9-28-23_boa_notice_amended.pdf
2023-09-28,Board of Adjustment Committee Meeting-CANCELLED,agenda,https://co.lincoln.wi.us/sites/default/files/fileattachments/zoning_board_of_adjustment/meeting/43522/9-28-2023_boa_agenda.pdf
2023-09-28,Board of Adjustment Committee Meeting-CANCELLED,agenda,https://co.lincoln.wi.us/sites/default/files/fileattachments/zoning_board_of_adjustment/meeting/43522/9-28-2023_boa_agenda_amended.pdf
2023-09-28,Board of Adjustment Committee Meeting-CANCELLED,agenda,https://co.lincoln.wi.us/sites/default/files/fileattachments/zoning_board_of_adjustment/meeting/43522/9-28-23_boa_notice_second_amended.pdf
2023-09-28,Board of Adjustment Committee Meeting-CANCELLED,agenda_packet,https://co.lincoln.wi.us/sites/default/files/fileattachments/zoning_board_of_adjustment/meeting/packets/43522/boa_packet_9-28-23.pdf
2023-09-27,Veterans Service Commission,agenda,https://co.lincoln.wi.us/sites/default/files/fileattachments/veterans_service_commission/meeting/43659/2023-09-27_veterans_service_commission_agenda.pdf
2023-09-27,Veterans Service Commission,agenda_packet,https://co.lincoln.wi.us/sites/default/files/fileattachments/veterans_service_commission/meeting/packets/43659/veterans_commission_packet_2023-09-27.pdf
2023-09-26,City of Merrill - Committee of the Whole,agenda,https://co.lincoln.wi.us/sites/default/files/fileattachments/county_clerk/meeting/43682/09-26-2023_city_of_merrill-committee_of_the_whole.pdf
2023-09-21,North Central Health Care Nursing Home Operations Committee Meeting,agenda,https://co.lincoln.wi.us/sites/default/files/fileattachments/north_central_health_care/meeting/43673/nhoc_20230921_agenda.pdf
2023-09-21,North Central Health Care Nursing Home Operations Committee Meeting,agenda_packet,https://co.lincoln.wi.us/sites/default/files/fileattachments/north_central_health_care/meeting/packets/43673/nhoc_20230921_packet.pdf
2023-09-20,Board of Health Committee Meeting-CANCELLED,agenda,https://co.lincoln.wi.us/sites/default/files/fileattachments/board_of_health/meeting/43521/boh_agenda_2023-9-20-cancelled.pdf
2023-09-20,North Central Health Care Executive Committee Meeting,agenda,https://co.lincoln.wi.us/sites/default/files/fileattachments/north_central_health_care/meeting/43674/nexc_20230119_agenda_1.pdf
2023-09-20,North Central Health Care Executive Committee Meeting,agenda_packet,https://co.lincoln.wi.us/sites/default/files/fileattachments/north_central_health_care/meeting/packets/43674/nexc_20230920_packet.pdf
2024-02-08,Land Services Committee Meeting,other,https://co.lincoln.wi.us/sites/default/files/fileattachments/land_services_committee/meeting/43964/2-8-24_lsc_notice.pdf
2024-01-18,Solid Waste Committee Meeting,agenda,https://co.lincoln.wi.us/sites/default/files/fileattachments/solid_waste_committee/meeting/43954/01-18-2024_solid_waste_agenda.pdf
2024-01-18,Solid Waste Committee Meeting,agenda_packet,https://co.lincoln.wi.us/sites/default/files/fileattachments/solid_waste_committee/meeting/packets/43954/01-18-2024_solid_waste_packet.pdf
2024-01-16,County Board Meeting,agenda,https://co.lincoln.wi.us/sites/default/files/fileattachments/county_board/meeting/43916/cb_agenda_2024-1-16.pdf
2024-01-16,County Board Meeting,agenda,https://co.lincoln.wi.us/sites/default/files/fileattachments/county_board/meeting/43916/cb_agenda_2024-1-16_-_amended.pdf
2024-01-16,County Board Meeting,agenda_packet,https://co.lincoln.wi.us/sites/default/files/fileattachments/county_board/meeting/packets/43916/cb_packet_2024-01-16.pdf
2024-01-16,County Board Meeting,agenda_packet,https://co.lincoln.wi.us/sites/default/files/fileattachments/county_board/meeting/packets/43916/cb_packet_2024-01-16-amended.pdf
2024-01-16,CANCELLED - Public Property Committee Meeting,agenda,https://co.lincoln.wi.us/sites/default/files/fileattachments/public_property_committee/meeting/43918/public_property_agenda_1-16-24_cx.pdf
2024-01-16,Civil Service Commission,agenda,https://co.lincoln.wi.us/sites/default/files/fileattachments/civil_service_commission/meeting/43958/january_2024_civil_service_agenda.pdf
2024-01-16,Civil Service Commission,agenda_packet,https://co.lincoln.wi.us/sites/default/files/fileattachments/civil_service_commission/meeting/packets/43958/january_2024_civil_service_packet.pdf
2024-01-16,Social Services - Youth Justice Collaborative Committee Meeting,agenda,https://co.lincoln.wi.us/sites/default/files/fileattachments/social_services_committee/meeting/43894/2024_1_16_ss_-_yjcc_agenda.pdf
2024-01-15,"Forestry, Land and Parks Committee Meeting",agenda,https://co.lincoln.wi.us/sites/default/files/fileattachments/forestry_land_and_parks_committee/meeting/43929/01-15-2024_agenda.pdf
2024-01-15,"Forestry, Land and Parks Committee Meeting",agenda_packet,https://co.lincoln.wi.us/sites/default/files/fileattachments/forestry_land_and_parks_committee/meeting/packets/43929/01-15-2024_packet.pdf
2024-01-11,CANCELLED-Solid Waste Committee Meeting (Rescheduling to 1-18-24),agenda,https://co.lincoln.wi.us/sites/default/files/fileattachments/solid_waste_committee/meeting/43932/01-11-2024_solid_waste_agenda.pdf
2024-01-11,CANCELLED-Solid Waste Committee Meeting (Rescheduling to 1-18-24),agenda,https://co.lincoln.wi.us/sites/default/files/fileattachments/solid_waste_committee/meeting/43932/01-11-2024_solid_waste_agenda-amended-meeting_cancelled.pdf
2024-01-11,CANCELLED-Solid Waste Committee Meeting (Rescheduling to 1-18-24),agenda_packet,https://co.lincoln.wi.us/sites/default/files/fileattachments/solid_waste_committee/meeting/packets/43932/01-11-2024_solid_waste_packet.pdf
2024-01-11,Board of Health Committee Meeting,agenda,https://co.lincoln.wi.us/sites/default/files/fileattachments/board_of_health/meeting/43856/boh_agenda_2024-01-11.pdf
2024-01-11,Board of Health Committee Meeting,agenda_packet,https://co.lincoln.wi.us/sites/default/files/fileattachments/board_of_health/meeting/packets/43856/boh_packet_2024-01-11.pdf
2024-01-11,Board of Health Committee Meeting,other,https://co.lincoln.wi.us/sites/default/files/fileattachments/board_of_health/meeting/packets/43856/boh_packet_2024-01-11-additional.pdf
2024-01-11,Land Services Committee Meeting,other,https://co.lincoln.wi.us/sites/default/files/fileattachments/land_services_committee/meeting/43915/1-11-24_lsc_notice.pdf
2024-01-11,Land Services Committee Meeting,agenda,https://co.lincoln.wi.us/sites/default/files/fileattachments/land_services_committee/meeting/43915/1-11-24_lsc_agenda.pdf
2024-01-11,Land Services Committee Meeting,agenda_packet,https://co.lincoln.wi.us/sites/default/files/fileattachments/land_services_committee/meeting/packets/43915/lsc_1-11-2024_packet_turned.pdf
2024-01-11,Board of WI PACE Commission Meeting,agenda,https://co.lincoln.wi.us/sites/default/files/fileattachments/county_clerk/meeting/43953/01-11-2024_pace_agenda.pdf
2024-01-10,Public Safety Committee Meeting,agenda,https://co.lincoln.wi.us/sites/default/files/fileattachments/public_safety_committee/meeting/43914/public_safety_agenda_2024-01-10.pdf
2024-01-10,Public Safety Committee Meeting,agenda_packet,https://co.lincoln.wi.us/sites/default/files/fileattachments/public_safety_committee/meeting/packets/43914/public_safety_packet_2024-01-10.pdf
2024-01-10,Local Emergency Planning Committee Meeting,agenda,https://co.lincoln.wi.us/sites/default/files/fileattachments/local_emergency_planning/meeting/43919/01092024-lepc_agenda.pdf
2024-01-10,Local Emergency Planning Committee Meeting,agenda_packet,https://co.lincoln.wi.us/sites/default/files/fileattachments/local_emergency_planning/meeting/packets/43919/lepc_packet_1-10-2024.pdf
2024-01-08,Social Services Committee Meeting,other,https://co.lincoln.wi.us/sites/default/files/fileattachments/social_services_committee/meeting/43931/85.21_public_hearing_notice.pdf
2024-01-08,Social Services Committee Meeting,agenda,https://co.lincoln.wi.us/sites/default/files/fileattachments/social_services_committee/meeting/43931/01-08-2024_ss_agenda.pdf
2024-01-08,Social Services Committee Meeting,agenda_packet,https://co.lincoln.wi.us/sites/default/files/fileattachments/social_services_committee/meeting/packets/43931/1.8.24_ss_packet.pdf
2024-01-08,Social Services Committee Meeting,minutes,https://co.lincoln.wi.us/sites/default/files/fileattachments/social_services_committee/meeting/43931/ss_minutes_1.8.2024.pdf
2024-01-08,Death Review Meeting,agenda,https://co.lincoln.wi.us/sites/default/files/fileattachments/board_of_health/meeting/43944/death_review_team_agenda_2024-01-08.pdf
2024-01-05,Finance & Insurance Committee,agenda,https://co.lincoln.wi.us/sites/default/files/fileattachments/finance_and_insurance_committee/meeting/43917/2024-01-05_finance_agenda.pdf
2024-01-05,Finance & Insurance Committee,agenda_packet,https://co.lincoln.wi.us/sites/default/files/fileattachments/finance_and_insurance_committee/meeting/packets/43917/2024-01-05_finance_packet.pdf
2024-01-05,Finance & Insurance Committee,minutes,https://co.lincoln.wi.us/sites/default/files/fileattachments/finance_and_insurance_committee/meeting/43917/1.5.24_minutes.pdf
2024-01-04,Highway Committee Meeting,agenda,https://co.lincoln.wi.us/sites/default/files/fileattachments/highway_committee/meeting/43830/2023-01-04_highway_agenda.pdf
2024-01-04,Highway Committee Meeting,agenda_packet,https://co.lincoln.wi.us/sites/default/files/fileattachments/highway_committee/meeting/packets/43830/2023-01-04_highway_packet.pdf
2024-01-04,Highway Committee Meeting,minutes,https://co.lincoln.wi.us/sites/default/files/fileattachments/highway_committee/meeting/43830/01-04-2024_highway_minutes.pdf
2024-01-03,Administrative & Legislative Committee Meeting,agenda,https://co.lincoln.wi.us/sites/default/files/fileattachments/administrative_and_legislative_committee/meeting/43913/al_agenda_2024-01-03.pdf
2024-01-03,Administrative & Legislative Committee Meeting,agenda_packet,https://co.lincoln.wi.us/sites/default/files/fileattachments/administrative_and_legislative_committee/meeting/packets/43913/january_packet.pdf
2024-01-03,Administrative & Legislative Committee Meeting,minutes,https://co.lincoln.wi.us/sites/default/files/fileattachments/administrative_and_legislative_committee/meeting/43913/al_minutes_2024-01-03.pdf
2023-12-20,Board of Health Committee Meeting-CANCELLED,agenda,https://co.lincoln.wi.us/sites/default/files/fileattachments/board_of_health/meeting/43835/boh_agenda_2023-12-20_cancelled.pdf
2023-12-20,Veterans Service Commission Meeting,agenda,https://co.lincoln.wi.us/sites/default/files/fileattachments/veterans_service_commission/meeting/43922/2023-12-20_veterans_service_commission_agenda.pdf
2023-12-20,Veterans Service Commission Meeting,agenda,https://co.lincoln.wi.us/sites/default/files/fileattachments/veterans_service_commission/meeting/43922/2023-12-20_veterans_service_commission_agenda-amended.pdf
2023-12-20,Veterans Service Commission Meeting,minutes,https://co.lincoln.wi.us/sites/default/files/fileattachments/veterans_service_commission/meeting/43922/december_20_2023_commission_minutes.pdf
2023-12-19,County Board Meeting,agenda,https://co.lincoln.wi.us/sites/default/files/fileattachments/county_board/meeting/43805/cb_agenda_2023-12-19.pdf
2023-12-19,County Board Meeting,agenda_packet,https://co.lincoln.wi.us/sites/default/files/fileattachments/county_board/meeting/packets/43805/cb_packet_2023-12-19.pdf
2023-12-19,County Board Meeting,agenda_packet,https://co.lincoln.wi.us/sites/default/files/fileattachments/county_board/meeting/packets/43805/cb_packet_2023-12-19-amended.pdf
2023-12-19,County Board Meeting,minutes,https://co.lincoln.wi.us/sites/default/files/fileattachments/county_board/meeting/43805/cobd_minutes_2023-12-19_-_draft.pdf
2023-12-19,Public Property Committee Meeting,agenda,https://co.lincoln.wi.us/sites/default/files/fileattachments/public_property_committee/meeting/43834/pppc_agenda_2023-12-19.pdf
2023-12-19,Public Property Committee Meeting,agenda_packet,https://co.lincoln.wi.us/sites/default/files/fileattachments/public_property_committee/meeting/packets/43834/ppc_packet_2023-12-19.pdf
2023-12-14,Solid Waste Committee Meeting,agenda,https://co.lincoln.wi.us/sites/default/files/fileattachments/solid_waste_committee/meeting/43837/solid_waste_agenda_2023-12-14.pdf
2023-12-14,Solid Waste Committee Meeting,agenda_packet,https://co.lincoln.wi.us/sites/default/files/fileattachments/solid_waste_committee/meeting/packets/43837/sw_packet_12-14-2023.pdf
2023-12-14,Solid Waste Committee Meeting,minutes,https://co.lincoln.wi.us/sites/default/files/fileattachments/solid_waste_committee/meeting/43837/sw_minutes_12-14-23.pdf
2023-12-14,Land Services Committee Meeting,other,https://co.lincoln.wi.us/sites/default/files/fileattachments/land_services_committee/meeting/43832/12-14-23_lsc_notice.pdf
2023-12-14,Land Services Committee Meeting,agenda,https://co.lincoln.wi.us/sites/default/files/fileattachments/land_services_committee/meeting/43832/12-14-23_lsc_agenda.pdf
2023-12-14,Land Services Committee Meeting,agenda_packet,https://co.lincoln.wi.us/sites/default/files/fileattachments/land_services_committee/meeting/packets/43832/lsc_12-14-2023_packet.pdf
2023-12-14,Land Services Committee Meeting,other,https://co.lincoln.wi.us/sites/default/files/fileattachments/land_services_committee/meeting/packets/43832/lsc_12-14-2023_additional.pdf
2023-12-14,Land Services Committee Meeting,minutes,https://co.lincoln.wi.us/sites/default/files/fileattachments/land_services_committee/meeting/43832/12-14-23_lsc_minutes.pdf
2023-12-14,Board of Wisconsin PACE Commission Meeting,agenda,https://co.lincoln.wi.us/sites/default/files/fileattachments/county_clerk/meeting/43900/wpc_agenda_12.14.2023.pdf
2023-12-13,Public Safety Committee Meeting,agenda,https://co.lincoln.wi.us/sites/default/files/fileattachments/public_safety_committee/meeting/43804/public_safety_agenda_2023-12-13.pdf
2023-12-13,Public Safety Committee Meeting,agenda_packet,https://co.lincoln.wi.us/sites/default/files/fileattachments/public_safety_committee/meeting/packets/43804/public_safety_packet_2023-12-13.pdf
2023-12-13,Public Safety Committee Meeting,other,https://co.lincoln.wi.us/sites/default/files/fileattachments/public_safety_committee/meeting/packets/43804/public_safety_packet_-_2023-12-13-additional-5_c._lincoln_county_all-hazards_mitigation_plan.pdf
2023-12-13,Public Safety Committee Meeting,other,https://co.lincoln.wi.us/sites/default/files/fileattachments/public_safety_committee/meeting/packets/43804/public_safety_packet-_2023-12-13-additional_5_g._epcra_hazardous_material_off_site_plans.pdf
2023-12-13,Public Safety Committee Meeting,minutes,https://co.lincoln.wi.us/sites/default/files/fileattachments/public_safety_committee/meeting/43804/2023-12-13_public_safety_minutes.pdf
2023-12-13,Local Emergency Planning Committee Meeting,agenda,https://co.lincoln.wi.us/sites/default/files/fileattachments/local_emergency_planning/meeting/43831/13dec2023-lepc_agenda.pdf
2023-12-13,Local Emergency Planning Committee Meeting,agenda,https://co.lincoln.wi.us/sites/default/files/fileattachments/local_emergency_planning/meeting/43831/13dec2023-lepc_agenda-amended.pdf
2023-12-13,Local Emergency Planning Committee Meeting,agenda_packet,https://co.lincoln.wi.us/sites/default/files/fileattachments/local_emergency_planning/meeting/packets/43831/13dec2023-lepc_packet.pdf
2023-12-13,Local Emergency Planning Committee Meeting,other,https://co.lincoln.wi.us/sites/default/files/fileattachments/local_emergency_planning/meeting/packets/43831/13dec2023-lepc_packet-reduced.pdf
2023-12-13,Local Emergency Planning Committee Meeting,minutes,https://co.lincoln.wi.us/sites/default/files/fileattachments/local_emergency_planning/meeting/43831/lepc_minutes-12-13-2023.pdf
2023-12-13,North Central Health Care Executive Committee Meeting,agenda,https://co.lincoln.wi.us/sites/default/files/fileattachments/north_central_health_care/meeting/43902/nexc_20231213_agenda.pdf
2023-12-11,Social Services Committee Meeting,agenda,https://co.lincoln.wi.us/sites/default/files/fileattachments/social_services_committee/meeting/43803/12.11.23_ss_agenda.pdf
2023-12-11,Social Services Committee Meeting,agenda_packet,https://co.lincoln.wi.us/sites/default/files/fileattachments/social_services_committee/meeting/packets/43803/ss_committee_packet_12-11-2023.pdf
2023-12-11,Social Services Committee Meeting,minutes,https://co.lincoln.wi.us/sites/default/files/fileattachments/social_services_committee/meeting/43803/ss_minutes_12.11.2023.pdf
2023-12-11,Lincoln County Land Service Group Meeting,agenda,https://co.lincoln.wi.us/sites/default/files/fileattachments/land_services_group/meeting/43891/12-11-2023_lsg_agenda.pdf
2023-12-11,Lincoln County Land Service Group Meeting,agenda_packet,https://co.lincoln.wi.us/sites/default/files/fileattachments/land_services_group/meeting/packets/43891/12-11-2023_packet.pdf
2023-12-11,Lincoln County Land Service Group Meeting,minutes,https://co.lincoln.wi.us/sites/default/files/fileattachments/land_services_group/meeting/43891/12-11-2023_lsg_minutes_lincoln.pdf
2023-12-11,"Forestry, Land & Parks Committee Meeting",agenda,https://co.lincoln.wi.us/sites/default/files/fileattachments/forestry_land_and_parks_committee/meeting/43836/forestry_agenda_2023-12-11.pdf
2023-12-11,"Forestry, Land & Parks Committee Meeting",agenda_packet,https://co.lincoln.wi.us/sites/default/files/fileattachments/forestry_land_and_parks_committee/meeting/packets/43836/forestry_packet_2023-12-11.pdf
2023-12-11,"Forestry, Land & Parks Committee Meeting",other,https://co.lincoln.wi.us/sites/default/files/fileattachments/forestry_land_and_parks_committee/meeting/packets/43836/forestry_packet_2023-12-11-additional.pdf
2023-12-11,"Forestry, Land & Parks Committee Meeting",minutes,https://co.lincoln.wi.us/sites/default/files/fileattachments/forestry_land_and_parks_committee/meeting/43836/forestry_land_parks_minutes.12-11-2023.pdf
2023-12-11,Joint Legislative Committee,agenda,https://co.lincoln.wi.us/sites/default/files/fileattachments/joint_legislative_committee/meeting/43887/2023-12-11_agenda.pdf
2023-12-08,Finance & Insurance Committee Meeting,agenda,https://co.lincoln.wi.us/sites/default/files/fileattachments/finance_and_insurance_committee/meeting/43801/finance_agenda_2023-12-08.pdf
2023-12-08,Finance & Insurance Committee Meeting,agenda_packet,https://co.lincoln.wi.us/sites/default/files/fileattachments/finance_and_insurance_committee/meeting/packets/43801/finance_packet_12-8-2023.pdf
2023-12-08,Finance & Insurance Committee Meeting,minutes,https://co.lincoln.wi.us/sites/default/files/fileattachments/finance_and_insurance_committee/meeting/43801/finance_minutes_12-08-2023.pdf
2023-12-07,Highway Committee Meeting,agenda,https://co.lincoln.wi.us/sites/default/files/fileattachments/highway_committee/meeting/43802/12.07.23_highway_agenda.pdf
2023-12-07,Highway Committee Meeting,agenda_packet,https://co.lincoln.wi.us/sites/default/files/fileattachments/highway_committee/meeting/packets/43802/12.07.23_highway_meeting_packet.pdf
2023-12-07,Highway Committee Meeting,other,https://co.lincoln.wi.us/sites/default/files/fileattachments/highway_committee/meeting/packets/43802/12.07.23_highway_meeting-additional_handout.pdf
2023-12-07,Highway Committee Meeting,minutes,https://co.lincoln.wi.us/sites/default/files/fileattachments/highway_committee/meeting/43802/12.7.2023_highway_minutes.pdf
2023-12-06,Administrative & Legislative Committee Meeting,agenda,https://co.lincoln.wi.us/sites/default/files/fileattachments/administrative_and_legislative_committee/meeting/43833/al_agenda_2023-12-6.pdf
2023-12-06,Administrative & Legislative Committee Meeting,agenda_packet,https://co.lincoln.wi.us/sites/default/files/fileattachments/administrative_and_legislative_committee/meeting/packets/43833/al_packet_2023-12-06.pdf
2023-12-06,Administrative & Legislative Committee Meeting,minutes,https://co.lincoln.wi.us/sites/default/files/fileattachments/administrative_and_legislative_committee/meeting/43833/al_minutes_2023-12-06.pdf
2023-12-05,Social Services - Youth Justice Collaborative Committee Meeting,agenda,https://co.lincoln.wi.us/sites/default/files/fileattachments/social_services_committee/meeting/43875/2023_12_5_ss_-_yjcc_agenda.pdf
2023-12-05,Social Services - Youth Justice Collaborative Committee Meeting,minutes,https://co.lincoln.wi.us/sites/default/files/fileattachments/social_services_committee/meeting/43875/ss_-_yjcc_minutes_12-6-23.pdf
2023-12-04,North Central Community Action Program Board Meeting,agenda,https://co.lincoln.wi.us/sites/default/files/fileattachments/north_central_community_action_program/meeting/43865/nc-cap_agenda_2023-12-04.pdf
2023-12-04,North Central Community Action Program Board Meeting,agenda_packet,https://co.lincoln.wi.us/sites/default/files/fileattachments/north_central_community_action_program/meeting/packets/43865/nc-cap_packet_2023-12-04.pdf
2023-11-30,Broadband Commission Meeting,agenda,https://co.lincoln.wi.us/sites/default/files/fileattachments/broadband_commission/meeting/43790/11.30.23_broadband_commission_agenda.pdf
2023-11-30,Broadband Commission Meeting,other,https://co.lincoln.wi.us/sites/default/files/fileattachments/broadband_commission/meeting/packets/43790/lincoln-broadband-final-draft-11-30-23.pdf
2023-11-30,North Central Health Care Services Program Board Meeting,agenda,https://co.lincoln.wi.us/sites/default/files/fileattachments/north_central_health_care/meeting/43851/nbod_20231130_agenda.pdf
2023-11-30,North Central Health Care Services Program Board Meeting,agenda,https://co.lincoln.wi.us/sites/default/files/fileattachments/north_central_health_care/meeting/43851/nbod_20231130_agenda_amended.pdf
2023-11-30,North Central Health Care Executive Committee Meeting,agenda,https://co.lincoln.wi.us/sites/default/files/fileattachments/north_central_health_care/meeting/43852/nexc_20230119_agenda_1.pdf
2023-11-30,Lincoln County Economic Development Corporation Meeting,agenda,https://co.lincoln.wi.us/sites/default/files/fileattachments/lincoln_county_economic_development_corporation/meeting/43864/lcedc_agenda_2023-11-30.pdf
2023-11-30,Lincoln County Economic Development Corporation Meeting,agenda_packet,https://co.lincoln.wi.us/sites/default/files/fileattachments/lincoln_county_economic_development_corporation/meeting/packets/43864/lcedc_packet_11-30-23.pdf
2023-11-30,Lincoln County Economic Development Corporation Meeting,minutes,https://co.lincoln.wi.us/sites/default/files/fileattachments/lincoln_county_economic_development_corporation/meeting/43864/lced_minutes_2023-11-30.pdf
2023-11-28,North Central Health Care - Executive Committee Meeting,agenda,https://co.lincoln.wi.us/sites/default/files/fileattachments/north_central_health_care/meeting/43871/nexc_20231128_agenda.pdf
2023-11-21,Administrative & Legislative Committee,agenda,https://co.lincoln.wi.us/sites/default/files/fileattachments/administrative_and_legislative_committee/meeting/43853/al_minutes_2023-11-21_special_meeting.pdf
2023-11-21,Administrative & Legislative Committee,minutes,https://co.lincoln.wi.us/sites/default/files/fileattachments/administrative_and_legislative_committee/meeting/43853/al_minutes_2023-11-21_-_special_meeting.pdf
2023-11-16,Solid Waste Committee Meeting,agenda,https://co.lincoln.wi.us/sites/default/files/fileattachments/solid_waste_committee/meeting/43789/solid_waste_agenda_2023-11-16.pdf
2023-11-16,Solid Waste Committee Meeting,agenda_packet,https://co.lincoln.wi.us/sites/default/files/fileattachments/solid_waste_committee/meeting/packets/43789/solid_waste_packet_2023-11-16.pdf
2023-11-16,Solid Waste Committee Meeting,minutes,https://co.lincoln.wi.us/sites/default/files/fileattachments/solid_waste_committee/meeting/43789/sw_minutes_11-16-23.pdf
2023-11-15,Board of Health Committee Meeting,agenda,https://co.lincoln.wi.us/sites/default/files/fileattachments/board_of_health/meeting/43770/boh_agenda_2023-11-15.pdf
2023-11-15,Board of Health Committee Meeting,agenda_packet,https://co.lincoln.wi.us/sites/default/files/fileattachments/board_of_health/meeting/packets/43770/boh_packet_2023-11-15.pdf
2023-11-15,Board of Health Committee Meeting,minutes,https://co.lincoln.wi.us/sites/default/files/fileattachments/board_of_health/meeting/43770/boh_minutes_2023-11-15_draft.pdf
2023-11-14,County Board Meeting,other,https://co.lincoln.wi.us/sites/default/files/fileattachments/county_board/meeting/43766/cb_public_hearing_notice_2023-11-14.pdf
2023-11-14,County Board Meeting,agenda,https://co.lincoln.wi.us/sites/default/files/fileattachments/county_board/meeting/43766/cb_agenda_2023-11-14.pdf
2023-11-14,County Board Meeting,agenda,https://co.lincoln.wi.us/sites/default/files/fileattachments/county_board/meeting/43766/cb_agenda_2023-11-14-corrected.pdf
2023-11-14,County Board Meeting,other,https://co.lincoln.wi.us/sites/default/files/fileattachments/county_board/meeting/packets/43766/2024_budget_book.pdf
2023-11-14,County Board Meeting,agenda_packet,https://co.lincoln.wi.us/sites/default/files/fileattachments/county_board/meeting/packets/43766/cb_packet_2023-11-14.pdf
2023-11-14,County Board Meeting,other,https://co.lincoln.wi.us/sites/default/files/fileattachments/county_board/meeting/packets/43766/cb_packet_2023-11-14-reduced.pdf
2023-11-14,County Board Meeting,minutes,https://co.lincoln.wi.us/sites/default/files/fileattachments/county_board/meeting/43766/cobd_minutes_2023-11-14_-_draft.pdf
2023-11-14,County Board Meeting,other,https://co.lincoln.wi.us/sites/default/files/fileattachments/county_board/meeting/43766/november_resolutions.pdf
2023-11-14,County Board Meeting,other,https://co.lincoln.wi.us/sites/default/files/fileattachments/county_board/meeting/43766/november_ordinances.pdf
2023-11-14,Social Services - Youth Justice Collaborative Committee Meeting,agenda,https://co.lincoln.wi.us/sites/default/files/fileattachments/social_services_committee/meeting/43774/2023_11_14_ss_-_yjcc_agenda.pdf
2023-11-14,Public Property Committee Meeting,agenda,https://co.lincoln.wi.us/sites/default/files/fileattachments/public_property_committee/meeting/43771/pppc_agenda_2023-11-14.pdf
2023-11-14,Public Property Committee Meeting,minutes,https://co.lincoln.wi.us/sites/default/files/fileattachments/public_property_committee/meeting/43771/ppc_minutes_2023-11-14.pdf
